{
  "period": {
    "duration": 1000.202160,
    "unit": "ms"
  },
  "frequency": {
    "requested": 1288.739468,
    "actual": 1180.761297,
    "unit": "MHz"
  },
  "interrupts": {
    "count": 535.891664,
    "unit": "irq/s"
  },
  "rc6": {
    "value": 48.217324,
    "unit": "%"
  },
  "engines": {
    "Render/3D/0": {
      "busy": 0.000000,
      "sema": 0.000000,
      "wait": 0.000000,
      "unit": "%"
    },
    "Blitter/0": {
      "busy": 0.000000,
      "sema": 0.000000,
      "wait": 0.000000,
      "unit": "%"
    },
    "Video/0": {
      "busy": 48.918471,
      "sema": 0.000000,
      "wait": 0.000000,
      "unit": "%"
    },
    "Video/1": {
      "busy": 0.000000,
      "sema": 0.000000,
      "wait": 0.000000,
      "unit": "%"
    },
    "VideoEnhance/0": {
      "busy": 0.000000,
      "sema": 0.000000,
      "wait": 0.000000,
      "unit": "%"
    }
  }
}